[
{
  "model": "webapp.project",
  "pk": 1,
  "fields": {
    "name": "Project #1",
    "description": "\u043f\u043e\u043b\u0443\u0447\u0435\u043d\u0438\u0435 Id \u0434\u043b\u044f \u043c\u0438\u0433\u0440\u0430\u0446\u0438\u0438 \u0441\u043e \u0441\u0432\u044f\u0437\u044c\u044e \u0441 \u0437\u0430\u0434\u0430\u0447\u0430\u043c\u0438",
    "starts_date": "2020-08-22",
    "finish_date": null,
    "is_deleted": false,
    "users": [
      17
    ]
  }
},
{
  "model": "webapp.project",
  "pk": 2,
  "fields": {
    "name": "Project #2",
    "description": "Fulling",
    "starts_date": "2020-08-22",
    "finish_date": null,
    "is_deleted": false,
    "users": [
      19
    ]
  }
},
{
  "model": "webapp.project",
  "pk": 3,
  "fields": {
    "name": "Project #3",
    "description": "Fulling list",
    "starts_date": "2020-08-22",
    "finish_date": null,
    "is_deleted": false,
    "users": []
  }
},
{
  "model": "webapp.project",
  "pk": 4,
  "fields": {
    "name": "Make page",
    "description": "Make page create project",
    "starts_date": "2020-08-22",
    "finish_date": "2020-09-15",
    "is_deleted": false,
    "users": []
  }
},
{
  "model": "webapp.project",
  "pk": 5,
  "fields": {
    "name": "Create project",
    "description": "Create project on base of CreateView reverse",
    "starts_date": "2020-08-22",
    "finish_date": "2020-08-23",
    "is_deleted": false,
    "users": []
  }
},
{
  "model": "webapp.project",
  "pk": 6,
  "fields": {
    "name": "Test",
    "description": "Test",
    "starts_date": "2020-08-22",
    "finish_date": "2020-09-15",
    "is_deleted": false,
    "users": []
  }
},
{
  "model": "webapp.project",
  "pk": 7,
  "fields": {
    "name": "Date",
    "description": "Add Date Widget in form",
    "starts_date": "2020-08-23",
    "finish_date": null,
    "is_deleted": false,
    "users": []
  }
},
{
  "model": "webapp.project",
  "pk": 8,
  "fields": {
    "name": "Date",
    "description": "add widget to both date fields",
    "starts_date": "2020-08-23",
    "finish_date": "2020-08-27",
    "is_deleted": false,
    "users": []
  }
},
{
  "model": "webapp.project",
  "pk": 9,
  "fields": {
    "name": "Check",
    "description": "Check field is_deleted",
    "starts_date": "2020-08-27",
    "finish_date": null,
    "is_deleted": false,
    "users": []
  }
},
{
  "model": "webapp.project",
  "pk": 10,
  "fields": {
    "name": "\u0412\u0438\u0442\u0430\u043b\u044f",
    "description": "\u0423\u0447\u0438\u0442 \u0414\u0436\u0430\u0432\u0443 \u0412 \u0410\u0442\u0440\u0430\u043a\u0442\u043e\u0440\u0435",
    "starts_date": "2020-08-22",
    "finish_date": null,
    "is_deleted": false,
    "users": []
  }
},
{
  "model": "webapp.project",
  "pk": 11,
  "fields": {
    "name": "Users Project",
    "description": "Users Project",
    "starts_date": "2020-01-01",
    "finish_date": null,
    "is_deleted": true,
    "users": []
  }
},
{
  "model": "webapp.project",
  "pk": 12,
  "fields": {
    "name": "None",
    "description": "None",
    "starts_date": "2020-01-01",
    "finish_date": null,
    "is_deleted": true,
    "users": []
  }
},
{
  "model": "webapp.project",
  "pk": 13,
  "fields": {
    "name": "None",
    "description": "None",
    "starts_date": "2020-01-01",
    "finish_date": null,
    "is_deleted": true,
    "users": []
  }
},
{
  "model": "webapp.project",
  "pk": 14,
  "fields": {
    "name": "None",
    "description": "None",
    "starts_date": "2020-01-01",
    "finish_date": null,
    "is_deleted": true,
    "users": [
      17
    ]
  }
},
{
  "model": "webapp.project",
  "pk": 15,
  "fields": {
    "name": "None",
    "description": "None",
    "starts_date": "2020-01-01",
    "finish_date": null,
    "is_deleted": true,
    "users": [
      17,
      19
    ]
  }
},
{
  "model": "webapp.project",
  "pk": 16,
  "fields": {
    "name": "Nonejj",
    "description": "None",
    "starts_date": "2020-01-01",
    "finish_date": null,
    "is_deleted": false,
    "users": [
      17,
      19,
      20,
      21,
      22
    ]
  }
},
{
  "model": "webapp.project",
  "pk": 17,
  "fields": {
    "name": "None",
    "description": "None",
    "starts_date": "2020-01-01",
    "finish_date": null,
    "is_deleted": false,
    "users": [
      17,
      19,
      20,
      21,
      22
    ]
  }
},
{
  "model": "webapp.project",
  "pk": 18,
  "fields": {
    "name": "None",
    "description": "None",
    "starts_date": "2020-01-01",
    "finish_date": null,
    "is_deleted": false,
    "users": [
      19,
      22
    ]
  }
},
{
  "model": "webapp.project",
  "pk": 19,
  "fields": {
    "name": "None",
    "description": "None",
    "starts_date": "2020-01-01",
    "finish_date": null,
    "is_deleted": false,
    "users": [
      19
    ]
  }
},
{
  "model": "webapp.project",
  "pk": 20,
  "fields": {
    "name": "None",
    "description": "None",
    "starts_date": "2020-01-01",
    "finish_date": null,
    "is_deleted": false,
    "users": [
      17
    ]
  }
},
{
  "model": "webapp.project",
  "pk": 21,
  "fields": {
    "name": "None",
    "description": "None",
    "starts_date": "2020-01-01",
    "finish_date": null,
    "is_deleted": false,
    "users": [
      19
    ]
  }
},
{
  "model": "webapp.issuetracker",
  "pk": 1,
  "fields": {
    "project": 1,
    "summary": "\u0414\u043e\u0431\u0430\u0432\u0438\u0442\u044c \u0437\u0430\u0434\u0430\u0447. CHECK",
    "description": "\u0414\u043e\u0431\u0430\u0432\u0438\u0442\u044c \u0437\u0430\u0434\u0430\u0447 \u0447\u0435\u0440\u0435\u0437 \u043f\u0430\u043d\u0435\u043b\u044c \u0430\u0434\u043c\u0438\u043d\u043a\u0438\r\nCHECK",
    "status": 4,
    "completion_time": "2020-08-05T15:30:53.314Z",
    "update_at": "2020-08-22T17:13:20.867Z",
    "type": [
      1,
      3,
      4
    ],
    "users": []
  }
},
{
  "model": "webapp.issuetracker",
  "pk": 4,
  "fields": {
    "project": 1,
    "summary": "\u041d\u043e\u0432\u044b\u0439 \u0442\u0438\u043f",
    "description": "\u0423 \u044d\u0442\u043e\u0439 \u0437\u0430\u0434\u0430\u0447\u0438 \u0434\u0440\u0443\u0433\u043e\u0439 \u0442\u0438\u043f\r\n\u043f\u0440\u043e\u0432\u0435\u0440\u043a\u0430 \u043e\u0431\u043d\u043e\u0432\u043b\u0435\u043d\u0438\u044f \u0434\u0430\u0442\u044b",
    "status": 2,
    "completion_time": "2020-08-05T15:34:59.821Z",
    "update_at": "2020-08-15T12:17:25.737Z",
    "type": [
      3,
      4
    ],
    "users": []
  }
},
{
  "model": "webapp.issuetracker",
  "pk": 5,
  "fields": {
    "project": 1,
    "summary": "\u0417\u0430\u0434\u0430\u0447\u0430 \u043f\u043e \u043c\u0438\u043d\u0438\u043c\u0443\u043c\u0443",
    "description": "\u0412\u044b\u043f\u043e\u043b\u043d\u0438\u0442\u044c \u043c\u0438\u043d\u0438\u043c\u0443\u043c \u0442\u0440\u0435\u0431\u043e\u0432\u0430\u043d\u0438\u0439 \u043f\u043e \u0434\u0437",
    "status": 2,
    "completion_time": "2020-08-05T15:35:33.696Z",
    "update_at": "2020-08-15T16:05:46.224Z",
    "type": [
      1,
      4
    ],
    "users": []
  }
},
{
  "model": "webapp.issuetracker",
  "pk": 6,
  "fields": {
    "project": 1,
    "summary": "\u0421\u0432\u0435\u0440\u0445",
    "description": "\u043f\u0440\u043e\u0434\u043e\u043b\u0436\u0430\u0442\u044c \u0434\u043e\u0431\u0430\u0432\u043b\u044f\u0442\u044c \u0417\u0430\u0434\u0430\u0447\u0438",
    "status": 3,
    "completion_time": "2020-08-05T15:36:50.509Z",
    "update_at": "2020-08-15T11:31:22.091Z",
    "type": [
      3
    ],
    "users": []
  }
},
{
  "model": "webapp.issuetracker",
  "pk": 7,
  "fields": {
    "project": 1,
    "summary": "\u043d\u043e\u043c\u0435\u0440 7",
    "description": "\u0414\u043e\u0431\u0430\u0432\u0438\u0442\u044c 7\u044e \u0437\u0430\u0434\u0430\u0447\u044e \u0441\u043e \u0441\u0442\u0430\u0442\u0443\u0441\u043e\u043c \u0441\u0434\u0435\u043b\u0430\u043d\u043d\u043e",
    "status": 4,
    "completion_time": "2020-08-05T15:37:34.292Z",
    "update_at": "2020-08-15T11:31:22.091Z",
    "type": [
      1
    ],
    "users": []
  }
},
{
  "model": "webapp.issuetracker",
  "pk": 30,
  "fields": {
    "project": 1,
    "summary": "None",
    "description": "None description",
    "status": 2,
    "completion_time": "2020-08-13T15:51:38.696Z",
    "update_at": "2020-08-15T11:31:22.091Z",
    "type": [
      3
    ],
    "users": []
  }
},
{
  "model": "webapp.issuetracker",
  "pk": 31,
  "fields": {
    "project": 1,
    "summary": "None",
    "description": "None description",
    "status": 2,
    "completion_time": "2020-08-13T15:51:46.217Z",
    "update_at": "2020-08-15T11:31:22.091Z",
    "type": [
      4
    ],
    "users": []
  }
},
{
  "model": "webapp.issuetracker",
  "pk": 32,
  "fields": {
    "project": 1,
    "summary": "Fixing bug",
    "description": "None description",
    "status": 4,
    "completion_time": "2020-08-15T12:32:04.933Z",
    "update_at": "2020-08-15T12:32:04.933Z",
    "type": [
      4
    ],
    "users": []
  }
},
{
  "model": "webapp.issuetracker",
  "pk": 33,
  "fields": {
    "project": 1,
    "summary": "This in not a Bug!",
    "description": "Write task",
    "status": 2,
    "completion_time": "2020-08-15T12:32:48.836Z",
    "update_at": "2020-08-15T16:09:23.585Z",
    "type": [
      1,
      3,
      4
    ],
    "users": []
  }
},
{
  "model": "webapp.issuetracker",
  "pk": 34,
  "fields": {
    "project": 1,
    "summary": "ORM",
    "description": "Write queries",
    "status": 4,
    "completion_time": "2020-08-15T12:34:14.377Z",
    "update_at": "2020-08-15T12:34:14.377Z",
    "type": [
      1
    ],
    "users": []
  }
},
{
  "model": "webapp.issuetracker",
  "pk": 45,
  "fields": {
    "project": 1,
    "summary": "None",
    "description": "None description",
    "status": 2,
    "completion_time": "2020-08-18T17:53:49.525Z",
    "update_at": "2020-08-18T17:53:49.525Z",
    "type": [
      1
    ],
    "users": []
  }
},
{
  "model": "webapp.issuetracker",
  "pk": 47,
  "fields": {
    "project": 3,
    "summary": "SearchView",
    "description": "\u0414\u043e\u0431\u0430\u0432\u043b\u0435\u043d\u043e \u043f\u0440\u0435\u0434\u0441\u0442\u0430\u0432\u043b\u0435\u043d\u0438\u0435 SearchView",
    "status": 4,
    "completion_time": "2020-08-19T16:20:22.147Z",
    "update_at": "2020-08-22T15:41:25.013Z",
    "type": [
      1
    ],
    "users": []
  }
},
{
  "model": "webapp.issuetracker",
  "pk": 48,
  "fields": {
    "project": 3,
    "summary": "Foreign_key",
    "description": "\u0421\u0434\u0435\u043b\u0430\u0442\u044c \u0444\u043e\u0440\u0435\u043d \u043a\u0435\u0439 \u043e\u0434\u0438\u043d \u043a\u043e \u043c\u043d\u043e\u0433\u0438\u043c \u043e\u0442 \u0437\u0430\u0434\u0430\u0447 \u043a \u043f\u0440\u043e\u0435\u043a\u0442\u0443",
    "status": 2,
    "completion_time": "2020-08-22T11:19:51.681Z",
    "update_at": "2020-08-22T15:41:51.617Z",
    "type": [
      1
    ],
    "users": []
  }
},
{
  "model": "webapp.issuetracker",
  "pk": 49,
  "fields": {
    "project": 1,
    "summary": "TASKA",
    "description": "None description",
    "status": 2,
    "completion_time": "2020-08-22T16:47:39.247Z",
    "update_at": "2020-08-22T16:47:39.247Z",
    "type": [],
    "users": []
  }
},
{
  "model": "webapp.issuetracker",
  "pk": 50,
  "fields": {
    "project": 1,
    "summary": "Retern",
    "description": "Retern to Project page from task_view",
    "status": 4,
    "completion_time": "2020-08-22T17:07:57.067Z",
    "update_at": "2020-08-22T17:07:57.067Z",
    "type": [],
    "users": []
  }
},
{
  "model": "webapp.issuetracker",
  "pk": 51,
  "fields": {
    "project": 2,
    "summary": "Check",
    "description": "Check funktion of return to Project page",
    "status": 4,
    "completion_time": "2020-08-22T17:09:05.895Z",
    "update_at": "2020-08-22T17:09:05.895Z",
    "type": [],
    "users": []
  }
},
{
  "model": "webapp.issuetracker",
  "pk": 53,
  "fields": {
    "project": 4,
    "summary": "\u041f\u043e\u043f\u0440\u0430\u0432\u0438\u0442\u044c \u0440\u0435\u0434\u0438\u0440\u0435\u043a\u0442",
    "description": "\u041d\u0435\u0442 \u043f\u0435\u0440\u0435\u0445\u043e\u0434\u0430 \u043f\u043e\u0441\u043b\u0435 \u0441\u043e\u0437\u0434\u0430\u043d\u0438\u044f \u043f\u0440\u043e\u0435\u043a\u0442\u0430",
    "status": 2,
    "completion_time": "2020-08-22T18:28:00.402Z",
    "update_at": "2020-08-22T18:28:00.402Z",
    "type": [],
    "users": []
  }
},
{
  "model": "webapp.issuetracker",
  "pk": 54,
  "fields": {
    "project": 5,
    "summary": "Date",
    "description": "Chenge widget date",
    "status": 2,
    "completion_time": "2020-08-22T18:31:43.011Z",
    "update_at": "2020-08-22T18:31:43.011Z",
    "type": [],
    "users": []
  }
},
{
  "model": "webapp.issuetracker",
  "pk": 55,
  "fields": {
    "project": 6,
    "summary": "N55555",
    "description": "Test",
    "status": 2,
    "completion_time": "2020-08-22T18:43:07.115Z",
    "update_at": "2020-08-25T15:31:50.147Z",
    "type": [
      1,
      3
    ],
    "users": []
  }
},
{
  "model": "webapp.issuetracker",
  "pk": 56,
  "fields": {
    "project": 7,
    "summary": "Widget",
    "description": "Widget for date field - finish_date",
    "status": 4,
    "completion_time": "2020-08-23T17:55:28.029Z",
    "update_at": "2020-08-23T17:55:28.029Z",
    "type": [],
    "users": []
  }
},
{
  "model": "webapp.issuetracker",
  "pk": 61,
  "fields": {
    "project": 16,
    "summary": "Nonesdrgv",
    "description": "None description",
    "status": 2,
    "completion_time": "2020-09-10T07:59:14.779Z",
    "update_at": "2020-09-10T09:39:22.991Z",
    "type": [
      3
    ],
    "users": []
  }
},
{
  "model": "webapp.issuetracker",
  "pk": 62,
  "fields": {
    "project": 16,
    "summary": "None",
    "description": "None description",
    "status": 3,
    "completion_time": "2020-09-10T09:39:00.602Z",
    "update_at": "2020-09-10T09:39:00.602Z",
    "type": [
      1
    ],
    "users": []
  }
},
{
  "model": "webapp.issuetracker",
  "pk": 63,
  "fields": {
    "project": 17,
    "summary": "None",
    "description": "None description",
    "status": 2,
    "completion_time": "2020-09-10T10:27:29.258Z",
    "update_at": "2020-09-10T10:27:29.258Z",
    "type": [
      3
    ],
    "users": []
  }
},
{
  "model": "webapp.issuetracker",
  "pk": 64,
  "fields": {
    "project": 19,
    "summary": "None",
    "description": "None description",
    "status": 2,
    "completion_time": "2020-09-10T12:50:04.095Z",
    "update_at": "2020-09-10T12:50:04.095Z",
    "type": [
      1
    ],
    "users": []
  }
},
{
  "model": "webapp.issuetracker",
  "pk": 65,
  "fields": {
    "project": 20,
    "summary": "None",
    "description": "None description",
    "status": 3,
    "completion_time": "2020-09-10T14:16:19.025Z",
    "update_at": "2020-09-10T14:16:19.025Z",
    "type": [
      1
    ],
    "users": []
  }
},
{
  "model": "webapp.status",
  "pk": 2,
  "fields": {
    "status": "In_progress"
  }
},
{
  "model": "webapp.status",
  "pk": 3,
  "fields": {
    "status": "New"
  }
},
{
  "model": "webapp.status",
  "pk": 4,
  "fields": {
    "status": "Done"
  }
},
{
  "model": "webapp.type",
  "pk": 1,
  "fields": {
    "name": "Task"
  }
},
{
  "model": "webapp.type",
  "pk": 3,
  "fields": {
    "name": "Enhancement"
  }
},
{
  "model": "webapp.type",
  "pk": 4,
  "fields": {
    "name": "Bug"
  }
}
]
